{
  "framework": "pytorch",
  "device": "cuda",
  "steps": 2000,
  "batch_size": 64,
  "total_time_seconds": 114.3207864020078,
  "steps_per_second": 17.494631229766227,
  "samples_per_second": 1119.6563987050386,
  "final_accuracy": 0.7029,
  "final_loss": 0.8595126994132996,
  "loss_history": [
    1.834283471107483,
    1.5472333431243896,
    1.3363665342330933,
    1.5620204210281372,
    1.1178525686264038,
    1.1231707334518433,
    1.2427762746810913,
    0.9728706479072571,
    1.033210039138794,
    0.911736249923706,
    1.2038137912750244,
    0.8990928530693054,
    0.8780767917633057,
    0.9023435115814209,
    0.6489837765693665,
    0.7208080291748047,
    0.673302173614502,
    0.8068466186523438,
    0.8374436497688293,
    0.7729966640472412
  ]
}