{
  "framework": "tinygrad",
  "device": "cuda",
  "steps": 2000,
  "batch_size": 64,
  "total_time_seconds": 2072.9323289689783,
  "steps_per_second": 0.9648168307523802,
  "samples_per_second": 61.748277168152335,
  "final_accuracy": 0.7309,
  "final_loss": 0.7727173060917965,
  "loss_history": [
    1.9477139423558958,
    1.4741698082190522,
    1.6025178501110142,
    1.5573764218980806,
    1.3147391491823666,
    1.4295618091385152,
    1.1750365689271596,
    0.9446569024645638,
    0.9174192788052394,
    1.0356792086613358,
    0.6394542607870323,
    1.1202972313906292,
    0.5717277620779215,
    0.8010832600719194,
    0.8282448267783615,
    0.6209863318961316,
    0.7962730313403983,
    0.805908193815971,
    0.8544097440382041,
    0.5289512363230026
  ]
}